epoch,accuracy,loss,val_accuracy,val_loss
0,0.550000011920929,1.211751103401184,0.5,0.6888860464096069
